email_id,label,word_count,sentence_count,avg_sentence_length,flesch_kincaid_grade,lexical_diversity
email_1,ai_phish,149,9,16.555555555555557,15.15646258503401,0.5771812080536913
email_10,ai_phish,146,9,16.22222222222222,15.868968253968259,0.5821917808219178
email_100,ai_phish,97,6,16.166666666666668,11.358297872340426,0.7319587628865979
email_101,ai_phish,93,7,13.285714285714286,13.024285714285714,0.7096774193548387
email_102,ai_phish,76,6,12.666666666666666,14.209794520547948,0.7631578947368421
email_103,ai_phish,83,6,13.833333333333334,12.177500000000002,0.7590361445783133
email_104,ai_phish,85,6,14.166666666666666,15.4225,0.7058823529411765
email_105,ai_phish,89,6,14.833333333333334,11.4046511627907,0.7528089887640449
email_106,ai_phish,84,6,14.0,12.255246913580251,0.7023809523809523
email_107,ai_phish,79,6,13.166666666666666,13.571052631578947,0.7468354430379747
email_108,ai_phish,80,6,13.333333333333334,14.24097402597403,0.75
email_109,ai_phish,85,6,14.166666666666666,15.354634146341464,0.6941176470588235
email_11,ai_phish,153,10,15.3,15.605687086092718,0.6078431372549019
email_110,ai_phish,95,7,13.571428571428571,10.185714285714287,0.7263157894736842
email_111,ai_phish,99,7,14.142857142857142,13.604404761904764,0.696969696969697
email_112,ai_phish,86,6,14.333333333333334,13.68933734939759,0.7325581395348837
email_113,ai_phish,84,6,14.0,12.837962962962965,0.7738095238095238
email_114,ai_phish,84,6,14.0,15.684240506329115,0.7142857142857143
email_115,ai_phish,97,7,13.857142857142858,10.987568389057753,0.7319587628865979
email_116,ai_phish,101,6,16.833333333333332,13.898367346938777,0.7029702970297029
email_117,ai_phish,83,6,13.833333333333334,14.2425,0.6987951807228916
email_118,ai_phish,81,6,13.5,14.138974358974362,0.7654320987654321
email_119,ai_phish,86,6,14.333333333333334,14.54234939759036,0.7093023255813954
email_12,ai_phish,149,10,14.9,16.300059523809526,0.5973154362416108
email_120,ai_phish,78,6,13.0,11.940999999999999,0.7435897435897436
email_121,ai_phish,85,6,14.166666666666666,12.764390243902437,0.7176470588235294
email_122,ai_phish,80,6,13.333333333333334,13.627987012987017,0.725
email_123,ai_phish,76,6,12.666666666666666,12.593356164383565,0.75
email_124,ai_phish,75,6,12.5,13.837222222222223,0.6933333333333334
email_125,ai_phish,85,6,14.166666666666666,11.181463414634148,0.7411764705882353
email_126,ai_phish,81,6,13.5,14.138974358974362,0.7037037037037037
email_127,ai_phish,79,6,13.166666666666666,13.41578947368421,0.7341772151898734
email_128,ai_phish,75,6,12.5,13.673333333333336,0.7333333333333333
email_129,ai_phish,77,6,12.833333333333334,13.617297297297302,0.7012987012987013
email_13,ai_phish,154,9,17.11111111111111,15.391729323308272,0.564935064935065
email_130,ai_phish,101,6,16.833333333333332,13.777959183673474,0.7029702970297029
email_131,ai_phish,83,6,13.833333333333334,14.2425,0.6987951807228916
email_132,ai_phish,81,6,13.5,13.98769230769231,0.7654320987654321
email_133,ai_phish,86,6,14.333333333333334,14.54234939759036,0.7093023255813954
email_134,ai_phish,82,6,13.666666666666666,11.352594936708865,0.6951219512195121
email_135,ai_phish,79,6,13.166666666666666,12.173684210526314,0.7088607594936709
email_136,ai_phish,77,6,12.833333333333334,14.095675675675675,0.7142857142857143
email_137,ai_phish,81,6,13.5,13.533846153846156,0.7654320987654321
email_138,ai_phish,85,6,14.166666666666666,14.491219512195126,0.7176470588235294
email_139,ai_phish,85,6,14.166666666666666,12.332682926829268,0.7176470588235294
email_14,ai_phish,158,10,15.8,15.3124358974359,0.5506329113924051
email_140,ai_phish,82,6,13.666666666666666,12.398164556962026,0.7195121951219512
email_141,ai_phish,75,6,12.5,14.001111111111111,0.7066666666666667
email_142,ai_phish,80,6,13.333333333333334,14.087727272727275,0.7625
email_143,ai_phish,89,6,14.833333333333334,13.325581395348838,0.7078651685393258
email_145,ai_phish,80,6,13.333333333333334,13.474740259740262,0.7375
email_146,ai_phish,78,6,13.0,14.143666666666665,0.717948717948718
email_147,ai_phish,81,6,13.5,12.626153846153848,0.7407407407407407
email_148,ai_phish,82,6,13.666666666666666,13.294367088607597,0.7073170731707317
email_149,ai_phish,78,6,13.0,11.783666666666669,0.7564102564102564
email_15,ai_phish,141,9,15.666666666666666,16.34853031860226,0.5957446808510638
email_150,ai_phish,86,6,14.333333333333334,13.831506024096388,0.6744186046511628
email_151,ai_phish,79,6,13.166666666666666,12.484210526315788,0.7215189873417721
email_152,ai_phish,84,6,14.0,13.712037037037042,0.7023809523809523
email_153,ai_phish,86,6,14.333333333333334,14.40018072289157,0.7093023255813954
email_155,ai_phish,81,6,13.5,13.533846153846156,0.7037037037037037
email_156,ai_phish,77,6,12.833333333333334,13.617297297297302,0.7142857142857143
email_157,ai_phish,75,6,12.5,13.345555555555556,0.72
email_158,ai_phish,79,6,13.166666666666666,14.036842105263158,0.7088607594936709
email_159,ai_phish,80,6,13.333333333333334,12.095519480519481,0.7375
email_16,ai_phish,143,10,14.3,15.469565602836884,0.5944055944055944
email_160,ai_phish,80,6,13.333333333333334,12.86175324675325,0.7375
email_161,ai_phish,81,6,13.5,13.685128205128205,0.691358024691358
email_162,ai_phish,81,6,13.5,12.626153846153848,0.7407407407407407
email_163,ai_phish,89,6,14.833333333333334,13.874418604651165,0.6966292134831461
email_165,ai_phish,81,6,13.5,13.382564102564103,0.7407407407407407
email_166,ai_phish,78,6,13.0,14.143666666666665,0.717948717948718
email_167,ai_phish,81,6,13.5,12.626153846153848,0.7407407407407407
email_168,ai_phish,80,6,13.333333333333334,13.474740259740262,0.725
email_17,ai_phish,148,9,16.444444444444443,14.608669275929554,0.5608108108108109
email_170,ai_phish,87,6,14.5,13.750952380952384,0.6781609195402298
email_171,ai_phish,77,6,12.833333333333334,13.298378378378377,0.7142857142857143
email_172,ai_phish,84,6,14.0,13.85771604938272,0.7023809523809523
email_173,ai_phish,86,6,14.333333333333334,14.115843373493977,0.6976744186046512
email_175,ai_phish,80,6,13.333333333333334,13.168246753246759,0.7125
email_176,ai_phish,78,6,13.0,13.829000000000004,0.717948717948718
email_177,ai_phish,75,6,12.5,13.345555555555556,0.72
email_178,ai_phish,81,6,13.5,13.533846153846156,0.7037037037037037
email_179,ai_phish,80,6,13.333333333333334,11.789025974025979,0.7375
email_18,ai_phish,141,9,15.666666666666666,16.688098663926002,0.5815602836879432
email_180,ai_phish,80,6,13.333333333333334,13.321493506493507,0.7375
email_181,ai_phish,81,6,13.5,13.533846153846156,0.691358024691358
email_182,ai_phish,81,6,13.5,12.626153846153848,0.7407407407407407
email_183,ai_phish,89,6,14.833333333333334,13.874418604651165,0.6966292134831461
email_185,ai_phish,81,6,13.5,13.382564102564103,0.7407407407407407
email_186,ai_phish,78,6,13.0,14.301000000000002,0.717948717948718
email_187,ai_phish,81,6,13.5,12.7774358974359,0.7407407407407407
email_188,ai_phish,82,6,13.666666666666666,13.294367088607597,0.7195121951219512
email_19,ai_phish,134,9,14.88888888888889,15.632467532467537,0.5895522388059702
email_190,ai_phish,93,6,15.5,16.351111111111116,0.7311827956989247
email_191,ai_phish,91,6,15.166666666666666,12.65727272727273,0.6703296703296703
email_192,ai_phish,90,6,15.0,13.665000000000003,0.7111111111111111
email_193,ai_phish,92,6,15.333333333333334,14.614425287356323,0.6956521739130435
email_195,ai_phish,93,6,15.5,14.646666666666672,0.7096774193548387
email_196,ai_phish,87,6,14.5,14.593809523809526,0.6666666666666666
email_197,ai_phish,93,5,18.6,15.030000000000001,0.6881720430107527
email_198,ai_phish,91,6,15.166666666666666,13.595909090909089,0.7142857142857143
email_2,ai_phish,145,10,14.5,13.908522727272732,0.5793103448275863
email_20,ai_phish,148,9,16.444444444444443,14.93195694716243,0.6013513513513513
email_200,ai_phish,88,6,14.666666666666666,14.090294117647058,0.6818181818181818
email_201,ai_phish,85,6,14.166666666666666,13.483902439024394,0.6352941176470588
email_202,ai_phish,92,6,15.333333333333334,13.927584269662919,0.6847826086956522
email_203,ai_phish,90,6,15.0,14.645588235294124,0.6888888888888889
email_205,ai_phish,93,6,15.5,14.908888888888892,0.7096774193548387
email_206,ai_phish,87,6,14.5,14.593809523809526,0.6666666666666666
email_207,ai_phish,93,5,18.6,15.161111111111111,0.6881720430107527
email_208,ai_phish,91,6,15.166666666666666,13.595909090909089,0.7252747252747253
email_21,ai_phish,142,9,15.777777777777779,17.917142857142853,0.6197183098591549
email_210,ai_phish,89,6,14.833333333333334,16.618604651162794,0.7415730337078652
email_211,ai_phish,89,6,14.833333333333334,14.286046511627909,0.6853932584269663
email_212,ai_phish,90,6,15.0,14.343160919540232,0.6444444444444445
email_213,ai_phish,93,6,15.5,15.60727272727273,0.6774193548387096
email_215,ai_phish,89,6,14.833333333333334,15.52093023255814,0.7415730337078652
email_216,ai_phish,82,6,13.666666666666666,15.833607594936712,0.6951219512195121
email_217,ai_phish,87,6,14.5,14.172380952380951,0.6666666666666666
email_218,ai_phish,93,6,15.5,14.384444444444444,0.6881720430107527
email_22,ai_phish,150,9,16.666666666666668,15.139498069498071,0.5933333333333334
email_220,ai_phish,87,6,14.5,17.122380952380954,0.735632183908046
email_221,ai_phish,89,6,14.833333333333334,14.286046511627909,0.6853932584269663
email_222,ai_phish,90,6,15.0,14.343160919540232,0.6444444444444445
email_223,ai_phish,93,6,15.5,15.60727272727273,0.6774193548387096
email_225,ai_phish,89,6,14.833333333333334,15.52093023255814,0.7415730337078652
email_226,ai_phish,82,6,13.666666666666666,15.833607594936712,0.6951219512195121
email_227,ai_phish,87,6,14.5,14.172380952380951,0.6666666666666666
email_228,ai_phish,93,6,15.5,14.384444444444444,0.6881720430107527
email_23,ai_phish,150,10,15.0,16.0222972972973,0.5533333333333333
email_230,ai_phish,87,6,14.5,17.122380952380954,0.735632183908046
email_231,ai_phish,89,6,14.833333333333334,14.286046511627909,0.6853932584269663
email_232,ai_phish,90,6,15.0,14.343160919540232,0.6444444444444445
email_233,ai_phish,93,6,15.5,15.60727272727273,0.6774193548387096
email_235,ai_phish,89,6,14.833333333333334,15.52093023255814,0.7415730337078652
email_236,ai_phish,82,6,13.666666666666666,15.833607594936712,0.6951219512195121
email_237,ai_phish,87,6,14.5,14.172380952380951,0.6666666666666666
email_238,ai_phish,93,6,15.5,14.384444444444444,0.6881720430107527
email_24,ai_phish,137,9,15.222222222222221,15.618835978835982,0.5766423357664233
email_240,ai_phish,86,6,14.333333333333334,15.577142857142857,0.7325581395348837
email_241,ai_phish,88,6,14.666666666666666,13.462790697674421,0.6818181818181818
email_242,ai_phish,89,6,14.833333333333334,13.665000000000003,0.6404494382022472
email_243,ai_phish,92,6,15.333333333333334,14.936818181818179,0.6739130434782609
email_245,ai_phish,88,6,14.666666666666666,15.246511627906976,0.7386363636363636
email_246,ai_phish,81,6,13.5,14.937405063291141,0.691358024691358
email_247,ai_phish,86,6,14.333333333333334,13.048571428571432,0.6627906976744186
email_248,ai_phish,92,6,15.333333333333334,14.122222222222224,0.6847826086956522
email_25,ai_phish,150,9,16.666666666666668,16.0165250965251,0.5333333333333333
email_250,ai_phish,86,6,14.333333333333334,15.717619047619053,0.7325581395348837
email_251,ai_phish,88,6,14.666666666666666,13.325581395348838,0.6818181818181818
email_252,ai_phish,89,6,14.833333333333334,13.665000000000003,0.6404494382022472
email_253,ai_phish,92,6,15.333333333333334,14.802727272727271,0.6739130434782609
email_255,ai_phish,88,6,14.666666666666666,15.109302325581396,0.7386363636363636
email_256,ai_phish,81,6,13.5,14.937405063291141,0.691358024691358
email_257,ai_phish,86,6,14.333333333333334,13.048571428571432,0.6627906976744186
email_258,ai_phish,92,6,15.333333333333334,14.515555555555558,0.6847826086956522
email_26,ai_phish,140,9,15.555555555555555,14.929006211180123,0.5857142857142857
email_260,ai_phish,86,6,14.333333333333334,15.577142857142857,0.7325581395348837
email_261,ai_phish,88,6,14.666666666666666,13.462790697674421,0.6818181818181818
email_262,ai_phish,89,6,14.833333333333334,13.665000000000003,0.6404494382022472
email_263,ai_phish,92,6,15.333333333333334,14.936818181818179,0.6739130434782609
email_265,ai_phish,88,6,14.666666666666666,15.246511627906976,0.7386363636363636
email_266,ai_phish,81,6,13.5,14.937405063291141,0.691358024691358
email_267,ai_phish,86,6,14.333333333333334,13.048571428571432,0.6627906976744186
email_268,ai_phish,92,6,15.333333333333334,14.515555555555558,0.6847826086956522
email_27,ai_phish,143,10,14.3,14.297934397163125,0.5734265734265734
email_270,ai_phish,86,6,14.333333333333334,15.577142857142857,0.7325581395348837
email_271,ai_phish,88,6,14.666666666666666,13.462790697674421,0.6818181818181818
email_272,ai_phish,89,6,14.833333333333334,13.665000000000003,0.6404494382022472
email_273,ai_phish,92,6,15.333333333333334,14.936818181818179,0.6739130434782609
email_275,ai_phish,88,6,14.666666666666666,15.246511627906976,0.7386363636363636
email_276,ai_phish,81,6,13.5,14.937405063291141,0.691358024691358
email_277,ai_phish,86,6,14.333333333333334,13.048571428571432,0.6627906976744186
email_278,ai_phish,92,6,15.333333333333334,14.515555555555558,0.6847826086956522
email_28,ai_phish,144,9,16.0,16.253822937625753,0.5833333333333334
email_280,ai_phish,86,6,14.333333333333334,15.577142857142857,0.7325581395348837
email_281,ai_phish,88,6,14.666666666666666,13.462790697674421,0.6818181818181818
email_282,ai_phish,89,6,14.833333333333334,13.665000000000003,0.6404494382022472
email_283,ai_phish,92,6,15.333333333333334,14.936818181818179,0.6739130434782609
email_285,ai_phish,88,6,14.666666666666666,15.246511627906976,0.7386363636363636
email_286,ai_phish,81,6,13.5,14.937405063291141,0.691358024691358
email_287,ai_phish,86,6,14.333333333333334,13.048571428571432,0.6627906976744186
email_288,ai_phish,92,6,15.333333333333334,14.515555555555558,0.6847826086956522
email_29,ai_phish,140,9,15.555555555555555,13.9884265010352,0.5714285714285714
email_290,ai_phish,86,6,14.333333333333334,15.577142857142857,0.7325581395348837
email_291,ai_phish,88,6,14.666666666666666,13.462790697674421,0.6818181818181818
email_292,ai_phish,89,6,14.833333333333334,13.665000000000003,0.6404494382022472
email_293,ai_phish,92,6,15.333333333333334,14.936818181818179,0.6739130434782609
email_295,ai_phish,88,6,14.666666666666666,15.246511627906976,0.7386363636363636
email_296,ai_phish,81,6,13.5,14.937405063291141,0.691358024691358
email_297,ai_phish,86,6,14.333333333333334,13.048571428571432,0.6627906976744186
email_298,ai_phish,92,6,15.333333333333334,14.515555555555558,0.6847826086956522
email_3,ai_phish,144,9,16.0,16.253822937625753,0.5833333333333334
email_30,ai_phish,136,9,15.11111111111111,16.268251599147124,0.6029411764705882
email_300,ai_phish,86,6,14.333333333333334,15.577142857142857,0.7325581395348837
email_301,ai_phish,88,6,14.666666666666666,13.462790697674421,0.6818181818181818
email_302,ai_phish,89,6,14.833333333333334,13.665000000000003,0.6404494382022472
email_303,ai_phish,92,6,15.333333333333334,14.936818181818179,0.6739130434782609
email_305,ai_phish,88,6,14.666666666666666,15.246511627906976,0.7386363636363636
email_306,ai_phish,81,6,13.5,14.937405063291141,0.691358024691358
email_307,ai_phish,86,6,14.333333333333334,13.048571428571432,0.6627906976744186
email_308,ai_phish,92,6,15.333333333333334,14.515555555555558,0.6847826086956522
email_31,ai_phish,141,9,15.666666666666666,14.480904419321686,0.6170212765957447
email_310,ai_phish,86,6,14.333333333333334,15.577142857142857,0.7325581395348837
email_311,ai_phish,88,6,14.666666666666666,13.462790697674421,0.6818181818181818
email_312,ai_phish,89,6,14.833333333333334,13.665000000000003,0.6404494382022472
email_313,ai_phish,92,6,15.333333333333334,14.936818181818179,0.6739130434782609
email_315,ai_phish,88,6,14.666666666666666,15.246511627906976,0.7386363636363636
email_316,ai_phish,81,6,13.5,14.937405063291141,0.691358024691358
email_317,ai_phish,86,6,14.333333333333334,13.048571428571432,0.6627906976744186
email_318,ai_phish,92,6,15.333333333333334,14.515555555555558,0.6847826086956522
email_32,ai_phish,130,9,14.444444444444445,15.786741071428573,0.6076923076923076
email_320,ai_phish,80,6,13.333333333333334,14.441538461538464,0.725
email_321,ai_phish,85,6,14.166666666666666,13.120662650602409,0.7058823529411765
email_322,ai_phish,89,6,14.833333333333334,14.071896551724137,0.6404494382022472
email_323,ai_phish,89,6,14.833333333333334,14.92323529411765,0.6853932584269663
email_325,ai_phish,81,6,13.5,15.833607594936712,0.7160493827160493
email_326,ai_phish,81,6,13.5,14.937405063291141,0.691358024691358
email_327,ai_phish,86,6,14.333333333333334,13.18904761904762,0.6627906976744186
email_328,ai_phish,90,6,15.0,14.534545454545459,0.6888888888888889
email_33,ai_phish,134,9,14.88888888888889,15.900649350649353,0.6119402985074627
email_330,ai_phish,89,6,14.833333333333334,14.614425287356323,0.7078651685393258
email_331,ai_phish,90,6,15.0,13.99818181818182,0.6666666666666666
email_332,ai_phish,103,6,17.166666666666668,14.69183168316832,0.6504854368932039
email_333,ai_phish,97,6,16.166666666666668,15.958225806451612,0.6907216494845361
email_335,ai_phish,83,6,13.833333333333334,15.605864197530867,0.7590361445783133
email_336,ai_phish,83,6,13.833333333333334,13.85771604938272,0.6746987951807228
email_337,ai_phish,92,6,15.333333333333334,13.335555555555558,0.6304347826086957
email_338,ai_phish,88,6,14.666666666666666,16.139047619047624,0.7159090909090909
email_34,ai_phish,153,9,17.0,15.328817407757807,0.5686274509803921
email_340,ai_phish,93,6,15.5,15.481043956043958,0.7204301075268817
email_341,ai_phish,93,6,15.5,13.146978021978022,0.6881720430107527
email_342,ai_phish,103,6,17.166666666666668,16.21064356435644,0.6504854368932039
email_343,ai_phish,97,6,16.166666666666668,15.19693548387097,0.6804123711340206
email_345,ai_phish,83,6,13.833333333333334,15.460185185185185,0.7590361445783133
email_346,ai_phish,83,6,13.833333333333334,13.566358024691361,0.6867469879518072
email_347,ai_phish,92,6,15.333333333333334,13.466666666666669,0.6304347826086957
email_348,ai_phish,88,6,14.666666666666666,15.15571428571429,0.7159090909090909
email_35,ai_phish,140,9,15.555555555555555,15.69857142857143,0.5857142857142857
email_350,ai_phish,98,6,16.333333333333332,15.35625,0.6938775510204082
email_351,ai_phish,95,6,15.833333333333334,15.577580645161287,0.6631578947368421
email_352,ai_phish,105,6,17.5,14.246747572815536,0.6476190476190476
email_353,ai_phish,97,6,16.166666666666668,16.21198924731183,0.6804123711340206
email_355,ai_phish,81,6,13.5,15.385506329113927,0.7654320987654321
email_356,ai_phish,83,6,13.833333333333334,14.149074074074075,0.6746987951807228
email_357,ai_phish,92,6,15.333333333333334,13.728888888888893,0.6304347826086957
email_358,ai_phish,88,6,14.666666666666666,16.139047619047624,0.7159090909090909
email_36,ai_phish,135,9,15.0,15.597443609022559,0.5851851851851851
email_360,ai_phish,93,6,15.5,14.962362637362638,0.6989247311827957
email_361,ai_phish,91,6,15.166666666666666,13.66241573033708,0.6813186813186813
email_362,ai_phish,103,6,17.166666666666668,16.09381188118812,0.6504854368932039
email_363,ai_phish,97,6,16.166666666666668,15.19693548387097,0.6804123711340206
email_365,ai_phish,83,6,13.833333333333334,15.460185185185185,0.7590361445783133
email_366,ai_phish,83,6,13.833333333333334,13.566358024691361,0.6867469879518072
email_367,ai_phish,92,6,15.333333333333334,13.466666666666669,0.6304347826086957
email_368,ai_phish,88,6,14.666666666666666,15.15571428571429,0.7159090909090909
email_37,ai_phish,151,10,15.1,15.748917785234905,0.5695364238410596
email_370,ai_phish,98,6,16.333333333333332,15.970833333333335,0.7346938775510204
email_371,ai_phish,92,6,15.333333333333334,13.991111111111113,0.6956521739130435
email_372,ai_phish,96,6,16.0,14.496595744680853,0.6770833333333334
email_373,ai_phish,87,6,14.5,15.25319277108434,0.735632183908046
email_375,ai_phish,85,6,14.166666666666666,14.258012048192771,0.7411764705882353
email_376,ai_phish,87,6,14.5,13.951470588235292,0.6206896551724138
email_377,ai_phish,93,6,15.5,13.665659340659342,0.6344086021505376
email_378,ai_phish,94,6,15.666666666666666,15.302222222222227,0.7127659574468085
email_38,ai_phish,133,9,14.777777777777779,15.93910577971647,0.5864661654135338
email_380,ai_phish,89,6,14.833333333333334,15.292586206896551,0.7078651685393258
email_381,ai_phish,90,6,15.0,13.864090909090908,0.6666666666666666
email_382,ai_phish,92,6,15.333333333333334,14.908888888888892,0.6739130434782609
email_383,ai_phish,87,6,14.5,15.25319277108434,0.735632183908046
email_385,ai_phish,85,6,14.166666666666666,14.258012048192771,0.7411764705882353
email_386,ai_phish,87,6,14.5,13.951470588235292,0.6206896551724138
email_387,ai_phish,93,6,15.5,13.665659340659342,0.6344086021505376
email_388,ai_phish,94,6,15.666666666666666,15.302222222222227,0.7127659574468085
email_39,ai_phish,141,9,15.666666666666666,14.480904419321686,0.6170212765957447
email_390,ai_phish,93,6,15.5,15.092032967032967,0.7096774193548387
email_391,ai_phish,93,6,15.5,14.314010989010988,0.6344086021505376
email_392,ai_phish,96,6,16.0,14.622127659574467,0.6666666666666666
email_393,ai_phish,87,6,14.5,15.25319277108434,0.7126436781609196
email_395,ai_phish,83,6,13.833333333333334,14.731790123456793,0.7469879518072289
email_396,ai_phish,87,6,14.5,13.951470588235292,0.6206896551724138
email_397,ai_phish,94,6,15.666666666666666,13.733478260869568,0.6382978723404256
email_398,ai_phish,94,6,15.666666666666666,15.302222222222227,0.7127659574468085
email_4,ai_phish,142,9,15.777777777777779,14.040000000000003,0.5915492957746479
email_40,ai_phish,130,9,14.444444444444445,15.786741071428573,0.6076923076923076
email_400,ai_phish,98,6,16.333333333333332,13.881250000000005,0.6836734693877551
email_401,ai_phish,94,6,15.666666666666666,15.272608695652178,0.6808510638297872
email_402,ai_phish,96,6,16.0,14.496595744680853,0.6979166666666666
email_403,ai_phish,97,6,16.166666666666668,15.577580645161287,0.6804123711340206
email_405,ai_phish,85,6,14.166666666666666,15.964036144578316,0.7411764705882353
email_406,ai_phish,93,6,15.5,14.70302197802198,0.6559139784946236
email_407,ai_phish,93,6,15.5,13.276648351648351,0.6344086021505376
email_408,ai_phish,93,6,15.5,14.988258426966294,0.7096774193548387
email_41,ai_phish,60,8,7.5,5.880000000000003,0.7666666666666667
email_410,ai_phish,98,6,16.333333333333332,13.881250000000005,0.6836734693877551
email_411,ai_phish,94,6,15.666666666666666,15.272608695652178,0.6808510638297872
email_412,ai_phish,96,6,16.0,14.496595744680853,0.6979166666666666
email_413,ai_phish,97,6,16.166666666666668,15.577580645161287,0.6804123711340206
email_415,ai_phish,85,6,14.166666666666666,15.964036144578316,0.7411764705882353
email_416,ai_phish,93,6,15.5,14.70302197802198,0.6559139784946236
email_417,ai_phish,93,6,15.5,13.276648351648351,0.6344086021505376
email_418,ai_phish,93,6,15.5,14.988258426966294,0.7096774193548387
email_42,ai_phish,37,7,5.285714285714286,7.713928571428575,0.8648648648648649
email_420,ai_phish,104,6,17.333333333333332,15.565490196078432,0.6923076923076923
email_421,ai_phish,99,6,16.5,13.706752577319588,0.6767676767676768
email_422,ai_phish,98,6,16.333333333333332,15.233333333333338,0.6530612244897959
email_423,ai_phish,93,6,15.5,14.59050561797753,0.6989247311827957
email_425,ai_phish,85,6,14.166666666666666,13.973674698795183,0.7529411764705882
email_426,ai_phish,89,6,14.833333333333334,14.343160919540232,0.6179775280898876
email_427,ai_phish,97,6,16.166666666666668,13.812368421052632,0.6185567010309279
email_428,ai_phish,85,6,14.166666666666666,15.897222222222226,0.7058823529411765
email_43,ai_phish,33,6,5.5,9.509919354838711,0.9090909090909091
email_430,ai_phish,107,6,17.833333333333332,16.63309523809524,0.6635514018691588
email_431,ai_phish,99,6,16.5,13.463453608247423,0.6767676767676768
email_432,ai_phish,98,6,16.333333333333332,15.725000000000005,0.6530612244897959
email_433,ai_phish,93,6,15.5,14.855674157303376,0.6989247311827957
email_435,ai_phish,85,6,14.166666666666666,14.258012048192771,0.7529411764705882
email_436,ai_phish,89,6,14.833333333333334,14.614425287356323,0.6179775280898876
email_437,ai_phish,97,6,16.166666666666668,14.060789473684213,0.6185567010309279
email_438,ai_phish,85,6,14.166666666666666,16.188580246913585,0.7058823529411765
email_44,ai_phish,38,6,6.333333333333333,7.58666666666667,0.868421052631579
email_440,ai_phish,79,6,13.166666666666666,13.93448051948052,0.7088607594936709
email_441,ai_phish,84,6,14.0,11.900975609756099,0.6904761904761905
email_443,ai_phish,88,6,14.666666666666666,12.50232558139535,0.6818181818181818
email_444,ai_phish,79,6,13.166666666666666,11.789025974025979,0.7341772151898734
email_445,ai_phish,72,5,14.4,14.481428571428577,0.75
email_446,ai_phish,76,6,12.666666666666666,11.384864864864863,0.6973684210526315
email_447,ai_phish,82,6,13.666666666666666,14.095000000000002,0.6829268292682927
email_448,ai_phish,83,6,13.833333333333334,11.526851851851855,0.7228915662650602
email_449,ai_phish,81,6,13.5,12.846265822784812,0.6790123456790124
email_45,ai_phish,47,7,6.714285714285714,7.58666666666667,0.7659574468085106
email_450,ai_phish,85,6,14.166666666666666,12.267650602409638,0.6705882352941176
email_451,ai_phish,83,6,13.833333333333334,12.692283950617288,0.6987951807228916
email_452,ai_phish,73,6,12.166666666666666,12.957394366197182,0.6712328767123288
email_453,ai_phish,83,6,13.833333333333334,12.400925925925925,0.5903614457831325
email_454,ai_phish,71,5,14.2,13.905043478260875,0.6901408450704225
email_456,ai_phish,85,6,14.166666666666666,9.28210843373494,0.6941176470588235
email_457,ai_phish,85,6,14.166666666666666,14.115843373493977,0.6235294117647059
email_458,ai_phish,78,6,13.0,11.086842105263155,0.6153846153846154
email_459,ai_phish,84,6,14.0,12.332682926829268,0.6190476190476191
email_46,ai_phish,40,7,5.714285714285714,6.626631578947368,0.825
email_460,ai_phish,81,6,13.5,12.099430379746838,0.6172839506172839
email_461,ai_phish,73,6,12.166666666666666,14.619366197183101,0.684931506849315
email_462,ai_phish,86,6,14.333333333333334,14.312857142857148,0.6627906976744186
email_463,ai_phish,79,6,13.166666666666666,11.942272727272734,0.5949367088607594
email_464,ai_phish,83,6,13.833333333333334,9.600512820512822,0.6144578313253012
email_465,ai_phish,79,6,13.166666666666666,13.321493506493507,0.6329113924050633
email_466,ai_phish,78,6,13.0,12.173684210526314,0.6025641025641025
email_467,ai_phish,82,6,13.666666666666666,11.440000000000001,0.6341463414634146
email_468,ai_phish,84,6,14.0,12.044878048780486,0.6071428571428571
email_469,ai_phish,86,5,17.2,11.050095238095238,0.6395348837209303
email_47,ai_phish,36,6,6.0,11.672058823529415,0.8055555555555556
email_470,ai_phish,80,6,13.333333333333334,12.626153846153848,0.7125
email_471,ai_phish,78,6,13.0,11.552631578947366,0.6410256410256411
email_472,ai_phish,83,6,13.833333333333334,12.10956790123457,0.6385542168674698
email_473,ai_phish,86,6,14.333333333333334,13.18904761904762,0.5930232558139535
email_474,ai_phish,122,6,20.333333333333332,13.450000000000003,0.5819672131147541
email_475,ai_phish,138,7,19.714285714285715,12.324891774891778,0.5362318840579711
email_476,ai_phish,124,7,17.714285714285715,12.872716627634663,0.5564516129032258
email_477,ai_phish,135,7,19.285714285714285,14.355338345864663,0.5407407407407407
email_478,ai_phish,131,6,21.833333333333332,15.937635658914726,0.5877862595419847
email_479,ai_phish,131,6,21.833333333333332,15.846162790697672,0.5877862595419847
email_48,ai_phish,41,6,6.833333333333333,9.08942307692308,0.7804878048780488
email_480,ai_phish,141,7,20.142857142857142,12.786434023991276,0.524822695035461
email_481,ai_phish,119,6,19.833333333333332,14.808162393162394,0.6218487394957983
email_482,ai_phish,118,6,19.666666666666668,15.346551724137932,0.576271186440678
email_483,ai_phish,109,6,18.166666666666668,16.013207547169817,0.6055045871559633
email_484,ai_phish,138,6,23.0,14.680882352941179,0.572463768115942
email_485,ai_phish,132,6,22.0,16.732307692307696,0.5606060606060606
email_486,ai_phish,143,7,20.428571428571427,13.645563909774438,0.5734265734265734
email_487,ai_phish,127,6,21.166666666666668,16.0406,0.6141732283464567
email_488,ai_phish,128,7,18.285714285714285,16.43476190476191,0.625
email_489,ai_phish,139,7,19.857142857142858,15.413613445378154,0.6330935251798561
email_49,ai_phish,42,8,5.25,5.230000000000004,0.8095238095238095
email_490,ai_phish,139,7,19.857142857142858,11.345212649945477,0.49640287769784175
email_491,ai_phish,134,6,22.333333333333332,14.0869696969697,0.5970149253731343
email_492,ai_phish,121,6,20.166666666666668,16.780000000000005,0.6115702479338843
email_493,ai_phish,124,8,15.5,12.216516393442628,0.6209677419354839
email_494,ai_phish,110,6,18.333333333333332,12.02547619047619,0.6636363636363637
email_495,ai_phish,107,6,17.833333333333332,15.734047619047622,0.5607476635514018
email_496,ai_phish,106,6,17.666666666666668,15.564230769230772,0.6509433962264151
email_497,ai_phish,112,6,18.666666666666668,13.362889908256882,0.5803571428571429
email_498,ai_phish,101,6,16.833333333333332,14.206616161616164,0.7029702970297029
email_499,ai_phish,108,7,15.428571428571429,11.339428571428574,0.5740740740740741
email_5,ai_phish,136,9,15.11111111111111,16.268251599147124,0.6029411764705882
email_50,ai_phish,36,7,5.142857142857143,8.579647058823532,0.8888888888888888
email_500,ai_phish,92,6,15.333333333333334,13.466666666666669,0.6956521739130435
email_501,ai_phish,101,6,16.833333333333332,14.325808080808084,0.6732673267326733
email_502,ai_phish,96,6,16.0,13.115744680851066,0.6354166666666666
email_503,ai_phish,110,7,15.714285714285714,10.93809523809524,0.5636363636363636
email_504,ai_phish,96,6,16.0,13.743404255319149,0.6458333333333334
email_505,ai_phish,96,6,16.0,12.362553191489361,0.6979166666666666
email_506,ai_phish,108,7,15.428571428571429,12.265918367346941,0.5555555555555556
email_507,ai_phish,93,6,15.5,13.276648351648351,0.6989247311827957
email_508,ai_phish,92,6,15.333333333333334,15.040000000000003,0.6956521739130435
email_509,ai_phish,94,6,15.666666666666666,13.990000000000002,0.6595744680851063
email_51,ai_phish,47,8,5.875,5.952777777777779,0.7446808510638298
email_510,ai_phish,88,6,14.666666666666666,11.591470588235293,0.6363636363636364
email_511,ai_phish,85,6,14.166666666666666,15.679698795180727,0.5882352941176471
email_512,ai_phish,95,6,15.833333333333334,14.055000000000003,0.631578947368421
email_513,ai_phish,91,6,15.166666666666666,12.791363636363638,0.6153846153846154
email_514,ai_phish,93,6,15.5,14.70302197802198,0.6881720430107527
email_515,ai_phish,118,7,16.857142857142858,11.349480519480519,0.5423728813559322
email_516,ai_phish,93,6,15.5,13.276648351648351,0.6989247311827957
email_517,ai_phish,92,6,15.333333333333334,15.040000000000003,0.6956521739130435
email_518,ai_phish,94,6,15.666666666666666,13.990000000000002,0.6595744680851063
email_519,ai_phish,93,6,15.5,11.408483146067418,0.6451612903225806
email_52,ai_phish,41,6,6.833333333333333,9.391987179487185,0.8780487804878049
email_520,ai_phish,90,6,15.0,13.193636363636365,0.6333333333333333
email_521,ai_phish,91,6,15.166666666666666,12.73432584269663,0.6923076923076923
email_522,ai_phish,88,6,14.666666666666666,13.600000000000001,0.6931818181818182
email_523,ai_phish,83,6,13.833333333333334,11.587500000000002,0.6746987951807228
email_524,ai_phish,85,6,14.166666666666666,13.120662650602409,0.6588235294117647
email_525,ai_phish,88,6,14.666666666666666,13.874418604651165,0.6931818181818182
email_526,ai_phish,90,6,15.0,11.98331325301205,0.6333333333333333
email_527,ai_phish,91,6,15.166666666666666,13.66241573033708,0.7032967032967034
email_528,ai_phish,89,6,14.833333333333334,14.75005747126437,0.7078651685393258
email_529,ai_phish,91,6,15.166666666666666,14.192752808988764,0.6703296703296703
email_53,ai_phish,42,6,7.0,10.73,0.7619047619047619
email_530,ai_phish,92,6,15.333333333333334,11.80623595505618,0.6413043478260869
email_531,ai_phish,87,6,14.5,13.257352941176475,0.6781609195402298
email_532,ai_phish,92,6,15.333333333333334,14.384444444444444,0.6956521739130435
email_533,ai_phish,81,6,13.5,12.172307692307694,0.6666666666666666
email_534,ai_phish,95,6,15.833333333333334,14.562526881720434,0.6842105263157895
email_535,ai_phish,94,6,15.666666666666666,12.963913043478264,0.648936170212766
email_536,ai_phish,90,6,15.0,11.556807228915666,0.6444444444444445
email_537,ai_phish,90,6,15.0,13.461818181818181,0.6888888888888889
email_538,ai_phish,89,6,14.833333333333334,14.207528735632184,0.7303370786516854
email_539,ai_phish,91,6,15.166666666666666,13.66241573033708,0.6703296703296703
email_54,ai_phish,50,7,7.142857142857143,7.574833333333334,0.82
email_540,ai_phish,92,6,15.333333333333334,11.80623595505618,0.6413043478260869
email_541,ai_phish,87,6,14.5,13.257352941176475,0.6781609195402298
email_542,ai_phish,92,6,15.333333333333334,14.384444444444444,0.6956521739130435
email_543,ai_phish,81,6,13.5,12.172307692307694,0.6666666666666666
email_544,ai_phish,97,6,16.166666666666668,12.57026315789474,0.6597938144329897
email_545,ai_phish,91,6,15.166666666666666,11.67365168539326,0.6703296703296703
email_546,ai_phish,90,6,15.0,11.556807228915666,0.6444444444444445
email_547,ai_phish,93,6,15.5,14.18434065934066,0.7096774193548387
email_548,ai_phish,87,6,14.5,14.229117647058825,0.735632183908046
email_549,ai_phish,94,6,15.666666666666666,12.942222222222227,0.7021276595744681
email_55,ai_phish,127,9,14.11111111111111,11.670285714285715,0.7086614173228346
email_550,ai_phish,90,6,15.0,13.461818181818181,0.6888888888888889
email_551,ai_phish,90,6,15.0,14.400454545454544,0.6333333333333333
email_552,ai_phish,78,6,13.0,11.567179487179487,0.6666666666666666
email_553,ai_phish,91,6,15.166666666666666,12.239285714285714,0.7252747252747253
email_554,ai_phish,103,6,17.166666666666668,13.056188118811885,0.6990291262135923
email_555,ai_phish,87,6,14.5,14.645588235294124,0.5977011494252874
email_556,ai_phish,106,6,17.666666666666668,13.408461538461541,0.6509433962264151
email_557,ai_phish,91,6,15.166666666666666,12.336573033707865,0.6923076923076923
email_558,ai_phish,103,6,17.166666666666668,11.914000000000001,0.6796116504854369
email_559,ai_phish,55,5,11.0,14.214615384615389,0.8363636363636363
email_56,ai_phish,121,9,13.444444444444445,12.458487394957984,0.6942148760330579
email_560,ai_phish,56,5,11.2,14.958632075471701,0.7678571428571429
email_561,ai_phish,47,4,11.75,13.99818181818182,0.8085106382978723
email_562,ai_phish,51,5,10.2,10.477500000000003,0.7058823529411765
email_563,ai_phish,52,5,10.4,14.714030612244901,0.6730769230769231
email_565,ai_phish,49,5,9.8,12.495000000000001,0.7959183673469388
email_566,ai_phish,48,5,9.6,11.873055555555556,0.7291666666666666
email_567,ai_phish,50,5,10.0,14.34994680851064,0.76
email_568,ai_phish,53,5,10.6,15.953,0.7169811320754716
email_569,ai_phish,50,5,10.0,12.090372340425532,0.8
email_57,ai_phish,110,10,11.0,10.76203703703704,0.7545454545454545
email_570,ai_phish,48,5,9.6,15.281944444444445,0.7708333333333334
email_571,ai_phish,51,5,10.2,16.131666666666668,0.6470588235294118
email_572,ai_phish,53,5,10.6,12.177,0.7547169811320755
email_573,ai_phish,47,5,9.4,14.445454545454545,0.851063829787234
email_574,ai_phish,46,5,9.2,11.928081395348837,0.782608695652174
email_575,ai_phish,53,5,10.6,12.413,0.7735849056603774
email_576,ai_phish,49,5,9.8,14.547173913043476,0.7346938775510204
email_578,ai_phish,45,5,9.0,12.66690476190476,0.8444444444444444
email_579,ai_phish,123,7,17.571428571428573,13.678701298701302,0.6097560975609756
email_58,ai_phish,117,9,13.0,10.723229813664599,0.6666666666666666
email_580,ai_phish,103,7,14.714285714285714,10.833182461103256,0.7184466019417476
email_581,ai_phish,121,7,17.285714285714285,11.929753694581283,0.6115702479338843
email_582,ai_phish,105,7,15.0,11.571872399445219,0.6666666666666666
email_583,ai_phish,116,7,16.571428571428573,14.050902255639098,0.6810344827586207
email_584,ai_phish,52,5,10.4,15.677295918367346,0.7884615384615384
email_585,ai_phish,49,5,9.8,12.495000000000001,0.7959183673469388
email_586,ai_phish,52,5,10.4,17.122193877551023,0.7115384615384616
email_587,ai_phish,46,5,9.2,14.94668604651163,0.8478260869565217
email_588,ai_phish,49,5,9.8,11.725434782608694,0.7755102040816326
email_589,ai_phish,51,5,10.2,13.673333333333336,0.7843137254901961
email_59,ai_phish,109,8,13.625,13.641635514018692,0.7064220183486238
email_590,ai_phish,52,5,10.4,12.546683673469389,0.7307692307692307
email_591,ai_phish,47,5,9.4,14.713636363636365,0.8723404255319149
email_592,ai_phish,54,5,10.8,18.072696078431374,0.6481481481481481
email_594,ai_phish,47,5,9.4,14.445454545454545,0.8297872340425532
email_595,ai_phish,53,5,10.6,14.773000000000003,0.7358490566037735
email_596,ai_phish,51,5,10.2,13.181666666666665,0.7647058823529411
email_597,ai_phish,52,5,10.4,12.787500000000001,0.75
email_598,ai_phish,49,5,9.8,10.955869565217395,0.7755102040816326
email_599,ai_phish,50,5,10.0,16.86058510638298,0.66
email_6,ai_phish,145,9,16.11111111111111,14.821898101898103,0.5310344827586206
email_60,ai_phish,110,8,13.75,12.735555555555557,0.6818181818181818
email_600,ai_phish,49,5,9.8,13.777608695652177,0.8163265306122449
email_601,ai_phish,51,5,10.2,14.656666666666666,0.803921568627451
email_602,ai_phish,48,5,9.6,13.18416666666667,0.7708333333333334
email_603,ai_phish,53,5,10.6,17.840999999999998,0.6415094339622641
email_604,ai_phish,110,7,15.714285714285714,10.9678835978836,0.5909090909090909
email_605,ai_phish,107,8,13.375,13.353511904761906,0.6542056074766355
email_606,ai_phish,106,7,15.142857142857142,15.052362637362638,0.6226415094339622
email_607,ai_phish,110,6,18.333333333333332,12.626296296296296,0.6818181818181818
email_608,ai_phish,104,6,17.333333333333332,11.914000000000001,0.6826923076923077
email_609,ai_phish,102,7,14.571428571428571,15.115428571428573,0.6764705882352942
email_61,ai_phish,105,9,11.666666666666666,10.24902404526167,0.7142857142857143
email_610,ai_phish,105,6,17.5,12.52830097087379,0.6095238095238096
email_611,ai_phish,105,7,15.0,10.7699306518724,0.6857142857142857
email_612,ai_phish,109,7,15.571428571428571,14.694959568733154,0.6788990825688074
email_613,ai_phish,96,6,16.0,15.249787234042554,0.71875
email_614,ai_phish,51,5,10.2,13.673333333333336,0.7647058823529411
email_615,ai_phish,52,5,10.4,13.02831632653061,0.7307692307692307
email_616,ai_phish,55,5,11.0,17.84538461538462,0.6727272727272727
email_617,ai_phish,52,5,10.4,15.677295918367346,0.8269230769230769
email_618,ai_phish,55,5,11.0,11.945384615384615,0.7818181818181819
email_619,ai_phish,47,5,9.4,14.713636363636365,0.8085106382978723
email_62,ai_phish,119,8,14.875,12.992777777777778,0.6638655462184874
email_621,ai_phish,47,5,9.4,13.640909090909094,0.8297872340425532
email_622,ai_phish,54,5,10.8,14.602107843137258,0.7037037037037037
email_623,ai_phish,52,5,10.4,14.714030612244901,0.8269230769230769
email_624,ai_phish,51,5,10.2,13.427500000000002,0.7450980392156863
email_625,ai_phish,45,5,9.0,12.66690476190476,0.7777777777777778
email_626,ai_phish,51,5,10.2,17.606666666666666,0.6274509803921569
email_627,ai_phish,46,5,9.2,15.22110465116279,0.8260869565217391
email_628,ai_phish,51,5,10.2,13.427500000000002,0.7647058823529411
email_629,ai_phish,52,5,10.4,13.269132653061227,0.7307692307692307
email_63,ai_phish,103,10,10.3,10.713948019801979,0.7475728155339806
email_630,ai_phish,55,5,11.0,18.072307692307692,0.6727272727272727
email_631,ai_phish,52,5,10.4,16.399744897959188,0.8269230769230769
email_632,ai_phish,55,5,11.0,12.399230769230773,0.7818181818181819
email_633,ai_phish,47,5,9.4,14.713636363636365,0.8085106382978723
email_634,ai_phish,115,7,16.428571428571427,11.90394437420986,0.7043478260869566
email_635,ai_phish,107,7,15.285714285714286,14.197142857142858,0.6261682242990654
email_636,ai_phish,104,7,14.857142857142858,11.263445378151264,0.6538461538461539
email_637,ai_phish,110,7,15.714285714285714,12.497513227513231,0.6545454545454545
email_638,ai_phish,115,7,16.428571428571427,12.112793931731986,0.6260869565217392
email_639,ai_phish,98,7,14.0,13.247142857142858,0.7244897959183674
email_64,ai_phish,109,8,13.625,10.884626168224305,0.6697247706422018
email_640,ai_phish,110,6,18.333333333333332,13.60962962962963,0.6818181818181818
email_641,ai_phish,105,7,15.0,12.259251040221915,0.6761904761904762
email_642,ai_phish,113,7,16.142857142857142,13.981673101673103,0.6460176991150443
email_643,ai_phish,106,6,17.666666666666668,12.727692307692312,0.6226415094339622
email_644,ai_phish,51,5,10.2,13.673333333333336,0.7647058823529411
email_645,ai_phish,52,5,10.4,12.787500000000001,0.7307692307692307
email_646,ai_phish,55,5,11.0,18.072307692307692,0.6727272727272727
email_647,ai_phish,52,5,10.4,16.399744897959188,0.8269230769230769
email_648,ai_phish,55,5,11.0,12.399230769230773,0.7818181818181819
email_649,ai_phish,47,5,9.4,14.713636363636365,0.8085106382978723
email_65,ai_phish,105,8,13.125,14.017621359223302,0.6952380952380952
email_650,ai_phish,52,5,10.4,15.436479591836736,0.8269230769230769
email_651,ai_phish,51,5,10.2,14.9025,0.7450980392156863
email_652,ai_phish,45,5,9.0,12.66690476190476,0.7777777777777778
email_653,ai_phish,51,5,10.2,17.606666666666666,0.6274509803921569
email_654,ai_phish,46,5,9.2,15.22110465116279,0.8260869565217391
email_655,ai_phish,51,5,10.2,13.427500000000002,0.7647058823529411
email_656,ai_phish,52,5,10.4,13.269132653061227,0.7307692307692307
email_657,ai_phish,55,5,11.0,18.072307692307692,0.6727272727272727
email_658,ai_phish,52,5,10.4,16.399744897959188,0.8269230769230769
email_659,ai_phish,55,5,11.0,12.399230769230773,0.7818181818181819
email_66,ai_phish,110,9,12.222222222222221,11.514179894179897,0.6636363636363637
email_660,ai_phish,47,5,9.4,14.713636363636365,0.8085106382978723
email_661,ai_phish,52,5,10.4,15.436479591836736,0.8269230769230769
email_662,ai_phish,105,7,15.0,13.634008321775315,0.7047619047619048
email_663,ai_phish,102,7,14.571428571428571,15.469428571428576,0.6274509803921569
email_664,ai_phish,104,7,14.857142857142858,11.957563025210089,0.6923076923076923
email_665,ai_phish,108,7,15.428571428571429,11.275238095238098,0.6296296296296297
email_666,ai_phish,106,7,15.142857142857142,12.669670329670328,0.6509433962264151
email_667,ai_phish,51,5,10.2,14.9025,0.7450980392156863
email_668,ai_phish,45,5,9.0,12.66690476190476,0.7777777777777778
email_669,ai_phish,51,5,10.2,17.606666666666666,0.6274509803921569
email_67,ai_phish,119,8,14.875,11.379102564102567,0.6470588235294118
email_670,ai_phish,46,5,9.2,15.22110465116279,0.8260869565217391
email_671,ai_phish,51,5,10.2,13.427500000000002,0.7647058823529411
email_672,ai_phish,52,5,10.4,13.269132653061227,0.7307692307692307
email_673,ai_phish,55,5,11.0,18.072307692307692,0.6727272727272727
email_674,ai_phish,52,5,10.4,16.399744897959188,0.8269230769230769
email_675,ai_phish,55,5,11.0,12.399230769230773,0.7818181818181819
email_676,ai_phish,47,5,9.4,14.713636363636365,0.8085106382978723
email_677,ai_phish,52,5,10.4,15.436479591836736,0.8269230769230769
email_678,ai_phish,51,5,10.2,14.9025,0.7450980392156863
email_679,ai_phish,100,7,14.285714285714286,14.312857142857148,0.67
email_68,ai_phish,107,10,10.7,11.105892857142859,0.7383177570093458
email_680,ai_phish,113,6,18.833333333333332,14.194545454545455,0.7256637168141593
email_681,ai_phish,117,7,16.714285714285715,12.669642857142858,0.6410256410256411
email_682,ai_phish,108,7,15.428571428571429,11.355336927223721,0.5925925925925926
email_683,ai_phish,99,7,14.142857142857142,12.989821428571432,0.7171717171717171
email_684,ai_phish,45,5,9.0,12.66690476190476,0.7777777777777778
email_685,ai_phish,51,5,10.2,17.606666666666666,0.6274509803921569
email_686,ai_phish,46,5,9.2,15.22110465116279,0.8260869565217391
email_687,ai_phish,51,5,10.2,13.427500000000002,0.7647058823529411
email_688,ai_phish,52,5,10.4,13.269132653061227,0.7307692307692307
email_689,ai_phish,55,5,11.0,18.072307692307692,0.6727272727272727
email_69,ai_phish,111,10,11.1,10.29255733944954,0.7297297297297297
email_690,ai_phish,52,5,10.4,16.399744897959188,0.8269230769230769
email_691,ai_phish,55,5,11.0,12.399230769230773,0.7818181818181819
email_692,ai_phish,47,5,9.4,14.713636363636365,0.8085106382978723
email_693,ai_phish,52,5,10.4,15.436479591836736,0.8269230769230769
email_694,ai_phish,51,5,10.2,14.9025,0.7450980392156863
email_695,ai_phish,45,5,9.0,12.66690476190476,0.7777777777777778
email_696,ai_phish,51,5,10.2,17.606666666666666,0.6274509803921569
email_697,ai_phish,46,5,9.2,15.22110465116279,0.8260869565217391
email_698,ai_phish,51,5,10.2,13.427500000000002,0.7647058823529411
email_699,ai_phish,52,5,10.4,13.269132653061227,0.7307692307692307
email_7,ai_phish,140,9,15.555555555555555,15.185527950310561,0.6142857142857143
email_70,ai_phish,109,8,13.625,13.200514018691589,0.7064220183486238
email_700,ai_phish,55,5,11.0,18.072307692307692,0.6727272727272727
email_701,ai_phish,52,5,10.4,16.399744897959188,0.8269230769230769
email_702,ai_phish,55,5,11.0,12.399230769230773,0.7818181818181819
email_703,ai_phish,47,5,9.4,14.713636363636365,0.8085106382978723
email_704,ai_phish,102,7,14.571428571428571,11.221428571428575,0.6372549019607843
email_705,ai_phish,112,7,16.0,15.211298701298698,0.6428571428571429
email_706,ai_phish,112,7,16.0,15.211298701298698,0.6339285714285714
email_707,ai_phish,112,8,14.0,11.334318181818187,0.6517857142857143
email_708,ai_phish,112,7,16.0,11.186402116402117,0.5803571428571429
email_709,ai_phish,51,6,8.5,10.279,0.7843137254901961
email_71,ai_phish,98,8,12.25,10.439583333333335,0.7551020408163265
email_710,ai_phish,45,5,9.0,11.824047619047619,0.8222222222222222
email_711,ai_phish,46,5,9.2,10.007151162790699,0.782608695652174
email_712,ai_phish,44,5,8.8,16.036768292682925,0.8181818181818182
email_713,ai_phish,43,5,8.6,12.720192307692312,0.9069767441860465
email_714,ai_phish,44,5,8.8,13.446524390243905,0.9090909090909091
email_715,ai_phish,48,5,9.6,10.299722222222222,0.8958333333333334
email_716,ai_phish,49,5,9.8,12.495000000000001,0.8163265306122449
email_717,ai_phish,49,6,8.166666666666666,13.906695652173916,0.8163265306122449
email_718,ai_phish,49,5,9.8,14.445454545454545,0.8367346938775511
email_719,ai_phish,44,5,8.8,11.431890243902437,0.8636363636363636
email_72,ai_phish,115,8,14.375,12.744380530973451,0.6608695652173913
email_720,ai_phish,45,5,9.0,18.285952380952384,0.8222222222222222
email_721,ai_phish,42,5,8.4,13.325320512820515,0.9047619047619048
email_722,ai_phish,51,6,8.5,10.279,0.7843137254901961
email_723,ai_phish,45,5,9.0,11.824047619047619,0.8222222222222222
email_724,ai_phish,46,5,9.2,10.007151162790699,0.782608695652174
email_725,ai_phish,44,5,8.8,16.036768292682925,0.8181818181818182
email_726,ai_phish,43,5,8.6,12.720192307692312,0.9069767441860465
email_727,ai_phish,44,5,8.8,13.446524390243905,0.9090909090909091
email_728,ai_phish,48,5,9.6,10.299722222222222,0.8958333333333334
email_729,ai_phish,49,5,9.8,12.495000000000001,0.8163265306122449
email_73,ai_phish,105,10,10.5,10.784460784313726,0.7428571428571429
email_730,ai_phish,49,6,8.166666666666666,13.906695652173916,0.8163265306122449
email_731,ai_phish,49,5,9.8,14.445454545454545,0.8367346938775511
email_732,ai_phish,44,5,8.8,11.431890243902437,0.8636363636363636
email_733,ai_phish,45,5,9.0,18.285952380952384,0.8222222222222222
email_734,ai_phish,42,5,8.4,13.325320512820515,0.9047619047619048
email_735,ai_phish,65,8,8.125,5.900952380952383,0.8615384615384616
email_736,ai_phish,70,7,10.0,5.898571428571433,0.7142857142857143
email_737,ai_phish,62,9,6.888888888888889,4.445,0.7258064516129032
email_738,ai_phish,66,8,8.25,5.491339285714286,0.696969696969697
email_739,ai_phish,70,8,8.75,5.898571428571433,0.7571428571428571
email_74,ai_phish,120,9,13.333333333333334,9.984285714285715,0.6416666666666667
email_740,ai_phish,43,7,6.142857142857143,6.48,0.9069767441860465
email_741,ai_phish,44,7,6.285714285714286,6.645731707317072,0.8636363636363636
email_742,ai_phish,46,6,7.666666666666667,5.947904761904763,0.782608695652174
email_743,ai_phish,44,7,6.285714285714286,10.387195121951219,0.7954545454545454
email_744,ai_phish,47,7,6.714285714285714,5.7745454545454535,0.8085106382978723
email_745,ai_phish,49,7,7.0,6.895652173913046,0.8163265306122449
email_746,ai_phish,48,7,6.857142857142857,4.90388888888889,0.75
email_747,ai_phish,53,7,7.571428571428571,7.9559999999999995,0.7924528301886793
email_748,ai_phish,51,7,7.285714285714286,6.950833333333335,0.7843137254901961
email_749,ai_phish,44,7,6.285714285714286,6.3579268292682904,0.8181818181818182
email_75,ai_phish,108,8,13.5,13.564150943396228,0.6759259259259259
email_750,ai_phish,52,7,7.428571428571429,7.101122448979591,0.8461538461538461
email_751,ai_phish,46,7,6.571428571428571,9.158488372093025,0.8695652173913043
email_752,ai_phish,43,7,6.142857142857143,6.48,0.9069767441860465
email_753,ai_phish,44,7,6.285714285714286,6.645731707317072,0.8636363636363636
email_754,ai_phish,46,6,7.666666666666667,5.947904761904763,0.782608695652174
email_755,ai_phish,44,7,6.285714285714286,10.387195121951219,0.7954545454545454
email_756,ai_phish,47,7,6.714285714285714,5.7745454545454535,0.8085106382978723
email_757,ai_phish,49,7,7.0,6.895652173913046,0.8163265306122449
email_758,ai_phish,48,7,6.857142857142857,4.90388888888889,0.75
email_759,ai_phish,53,7,7.571428571428571,7.9559999999999995,0.7924528301886793
email_76,ai_phish,81,6,13.5,10.50820512820513,0.7283950617283951
email_760,ai_phish,51,7,7.285714285714286,6.950833333333335,0.7843137254901961
email_761,ai_phish,44,7,6.285714285714286,6.3579268292682904,0.8181818181818182
email_762,ai_phish,52,7,7.428571428571429,7.101122448979591,0.8461538461538461
email_763,ai_phish,46,7,6.571428571428571,9.158488372093025,0.8695652173913043
email_764,ai_phish,64,8,8.0,6.185620608899299,0.859375
email_765,ai_phish,72,8,9.0,6.010000000000002,0.75
email_766,ai_phish,68,8,8.5,11.332698412698416,0.7352941176470589
email_767,ai_phish,71,9,7.888888888888889,7.098387681159419,0.7887323943661971
email_768,ai_phish,69,8,8.625,6.144718614718617,0.7391304347826086
email_769,ai_phish,68,8,8.5,11.329567099567104,0.75
email_77,ai_phish,102,7,14.571428571428571,12.333795093795096,0.7156862745098039
email_770,ai_phish,67,8,8.375,7.6375824175824185,0.7611940298507462
email_771,ai_phish,68,7,9.714285714285714,9.260606060606062,0.7941176470588235
email_772,ai_phish,66,8,8.25,8.523174603174606,0.803030303030303
email_773,ai_phish,70,8,8.75,8.327983193277309,0.7571428571428571
email_774,ai_phish,68,7,9.714285714285714,9.975757575757576,0.7941176470588235
email_775,ai_phish,65,7,9.285714285714286,9.670079365079367,0.7538461538461538
email_776,ai_phish,74,8,9.25,9.399206349206349,0.7972972972972973
email_777,ai_phish,75,8,9.375,6.742896281800395,0.7333333333333333
email_778,ai_phish,72,9,8.0,6.028214285714288,0.7638888888888888
email_779,ai_phish,43,6,7.166666666666667,9.655000000000001,0.8837209302325582
email_78,ai_phish,95,6,15.833333333333334,13.092173913043482,0.6526315789473685
email_780,ai_phish,44,7,6.285714285714286,8.372560975609758,0.8636363636363636
email_781,ai_phish,41,6,6.833333333333333,8.800315789473686,0.8780487804878049
email_782,ai_phish,46,7,6.571428571428571,9.432906976744189,0.8043478260869565
email_783,ai_phish,39,6,6.5,12.784666666666666,0.8974358974358975
email_784,ai_phish,50,8,6.25,6.611550151975685,0.78
email_785,ai_phish,46,7,6.571428571428571,5.316627906976748,0.6739130434782609
email_786,ai_phish,46,7,6.571428571428571,11.35383720930233,0.8043478260869565
email_787,ai_phish,47,6,7.833333333333333,10.637454545454549,0.7446808510638298
email_788,ai_phish,43,7,6.142857142857143,8.250000000000004,0.7906976744186046
email_789,ai_phish,49,7,7.0,9.460869565217397,0.7551020408163265
email_79,ai_phish,86,6,14.333333333333334,14.826686746987956,0.7325581395348837
email_790,ai_phish,49,7,7.0,11.000000000000004,0.7142857142857143
email_791,ai_phish,43,6,7.166666666666667,9.655000000000001,0.8837209302325582
email_792,ai_phish,44,7,6.285714285714286,8.372560975609758,0.8636363636363636
email_793,ai_phish,41,6,6.833333333333333,8.800315789473686,0.8780487804878049
email_794,ai_phish,46,7,6.571428571428571,9.432906976744189,0.8043478260869565
email_795,ai_phish,39,6,6.5,12.784666666666666,0.8974358974358975
email_796,ai_phish,50,8,6.25,6.611550151975685,0.78
email_797,ai_phish,46,7,6.571428571428571,5.316627906976748,0.6739130434782609
email_798,ai_phish,46,7,6.571428571428571,11.35383720930233,0.8043478260869565
email_799,ai_phish,47,6,7.833333333333333,10.637454545454549,0.7446808510638298
email_8,ai_phish,154,10,15.4,14.643684210526317,0.5714285714285714
email_80,ai_phish,91,6,15.166666666666666,11.852727272727272,0.7362637362637363
email_800,ai_phish,43,7,6.142857142857143,8.250000000000004,0.7906976744186046
email_801,ai_phish,49,7,7.0,9.460869565217397,0.7551020408163265
email_802,ai_phish,49,7,7.0,11.000000000000004,0.7142857142857143
email_803,ai_phish,43,6,7.166666666666667,9.655000000000001,0.8837209302325582
email_804,ai_phish,44,7,6.285714285714286,8.372560975609758,0.8636363636363636
email_805,ai_phish,41,6,6.833333333333333,8.800315789473686,0.8780487804878049
email_806,ai_phish,46,7,6.571428571428571,9.432906976744189,0.8043478260869565
email_807,ai_phish,39,6,6.5,12.784666666666666,0.8974358974358975
email_808,ai_phish,50,8,6.25,6.611550151975685,0.78
email_809,ai_phish,71,7,10.142857142857142,8.048623188405799,0.8028169014084507
email_81,ai_phish,90,6,15.0,10.952356321839083,0.7333333333333333
email_810,ai_phish,79,8,9.875,4.790909090909089,0.6962025316455697
email_811,ai_phish,76,8,9.5,7.66799227799228,0.6842105263157895
email_812,ai_phish,69,7,9.857142857142858,11.942424242424245,0.8260869565217391
email_813,ai_phish,71,8,8.875,5.1847204968944105,0.704225352112676
email_814,ai_phish,74,7,10.571428571428571,11.548571428571432,0.7162162162162162
email_815,ai_phish,78,8,9.75,10.225864661654139,0.7307692307692307
email_816,ai_phish,46,7,6.571428571428571,5.316627906976748,0.6739130434782609
email_817,ai_phish,46,7,6.571428571428571,11.35383720930233,0.8043478260869565
email_818,ai_phish,47,6,7.833333333333333,10.637454545454549,0.7446808510638298
email_819,ai_phish,43,7,6.142857142857143,8.250000000000004,0.7906976744186046
email_82,ai_phish,99,7,14.142857142857142,13.35857142857143,0.6868686868686869
email_820,ai_phish,49,7,7.0,9.460869565217397,0.7551020408163265
email_821,ai_phish,49,7,7.0,11.000000000000004,0.7142857142857143
email_822,ai_phish,43,6,7.166666666666667,9.655000000000001,0.8837209302325582
email_823,ai_phish,44,7,6.285714285714286,8.372560975609758,0.8636363636363636
email_824,ai_phish,41,6,6.833333333333333,8.800315789473686,0.8780487804878049
email_825,ai_phish,46,7,6.571428571428571,9.432906976744189,0.8043478260869565
email_826,ai_phish,39,6,6.5,12.784666666666666,0.8974358974358975
email_827,ai_phish,50,8,6.25,6.611550151975685,0.78
email_828,ai_phish,46,7,6.571428571428571,5.316627906976748,0.6739130434782609
email_829,ai_phish,46,7,6.571428571428571,11.35383720930233,0.8043478260869565
email_83,ai_phish,88,6,14.666666666666666,13.535,0.6363636363636364
email_830,ai_phish,47,6,7.833333333333333,10.637454545454549,0.7446808510638298
email_831,ai_phish,43,7,6.142857142857143,8.250000000000004,0.7906976744186046
email_832,ai_phish,49,7,7.0,9.460869565217397,0.7551020408163265
email_833,ai_phish,49,7,7.0,11.000000000000004,0.7142857142857143
email_834,ai_phish,43,6,7.166666666666667,9.655000000000001,0.8837209302325582
email_835,ai_phish,44,7,6.285714285714286,8.372560975609758,0.8636363636363636
email_836,ai_phish,81,7,11.571428571428571,8.365253164556965,0.691358024691358
email_837,ai_phish,84,7,12.0,8.303414634146346,0.7380952380952381
email_838,ai_phish,77,7,11.0,9.581,0.7272727272727273
email_839,ai_phish,83,7,11.857142857142858,10.070061728395064,0.7108433734939759
email_84,ai_phish,86,6,14.333333333333334,14.968855421686747,0.6976744186046512
email_840,ai_phish,80,8,10.0,8.775324675324676,0.6875
email_841,ai_phish,79,7,11.285714285714286,9.790270270270273,0.7088607594936709
email_842,ai_phish,87,8,10.875,10.301904761904762,0.7241379310344828
email_843,ai_phish,78,8,9.75,7.741654135338347,0.6538461538461539
email_844,ai_phish,41,6,6.833333333333333,8.800315789473686,0.8780487804878049
email_845,ai_phish,46,7,6.571428571428571,9.432906976744189,0.8043478260869565
email_846,ai_phish,39,6,6.5,12.784666666666666,0.8974358974358975
email_847,ai_phish,50,8,6.25,6.611550151975685,0.78
email_848,ai_phish,46,7,6.571428571428571,5.316627906976748,0.6739130434782609
email_849,ai_phish,46,7,6.571428571428571,11.35383720930233,0.8043478260869565
email_85,ai_phish,97,7,13.857142857142858,11.238632218844984,0.7319587628865979
email_850,ai_phish,47,6,7.833333333333333,10.637454545454549,0.7446808510638298
email_851,ai_phish,43,7,6.142857142857143,8.250000000000004,0.7906976744186046
email_852,ai_phish,49,7,7.0,9.460869565217397,0.7551020408163265
email_853,ai_phish,49,7,7.0,11.000000000000004,0.7142857142857143
email_854,ai_phish,43,6,7.166666666666667,9.655000000000001,0.8837209302325582
email_855,ai_phish,44,7,6.285714285714286,8.372560975609758,0.8636363636363636
email_856,ai_phish,41,6,6.833333333333333,8.800315789473686,0.8780487804878049
email_857,ai_phish,46,7,6.571428571428571,9.432906976744189,0.8043478260869565
email_858,ai_phish,39,6,6.5,12.784666666666666,0.8974358974358975
email_859,ai_phish,50,8,6.25,6.611550151975685,0.78
email_86,ai_phish,99,7,14.142857142857142,13.973154761904766,0.7171717171717171
email_860,ai_phish,46,7,6.571428571428571,5.316627906976748,0.6739130434782609
email_861,ai_phish,46,7,6.571428571428571,11.35383720930233,0.8043478260869565
email_862,ai_phish,47,6,7.833333333333333,10.637454545454549,0.7446808510638298
email_863,ai_phish,43,7,6.142857142857143,8.250000000000004,0.7906976744186046
email_864,ai_phish,74,7,10.571428571428571,12.791197183098593,0.7432432432432432
email_865,ai_phish,87,6,14.5,16.450294117647058,0.632183908045977
email_866,ai_phish,88,6,14.666666666666666,13.812647058823533,0.6363636363636364
email_867,ai_phish,98,7,14.0,17.906488095238092,0.6836734693877551
email_868,ai_phish,108,7,15.428571428571429,17.255336927223727,0.5833333333333334
email_869,ai_phish,100,7,14.285714285714286,13.349591836734696,0.62
email_87,ai_phish,86,6,14.333333333333334,13.831506024096388,0.7325581395348837
email_870,ai_phish,54,6,9.0,9.211529411764705,0.7222222222222222
email_871,ai_phish,51,6,8.5,11.262333333333334,0.7647058823529411
email_872,ai_phish,53,6,8.833333333333334,10.494000000000003,0.7547169811320755
email_873,ai_phish,48,6,8.0,4.702222222222225,0.8333333333333334
email_874,ai_phish,45,6,7.5,8.90556097560976,0.8
email_875,ai_phish,48,6,8.0,8.635555555555559,0.7291666666666666
email_876,ai_phish,51,6,8.5,8.066500000000001,0.8431372549019608
email_877,ai_phish,54,7,7.714285714285714,8.085784313725494,0.7407407407407407
email_878,ai_phish,51,7,7.285714285714286,5.541595744680851,0.6862745098039216
email_879,ai_phish,59,7,8.428571428571429,9.332142857142859,0.7627118644067796
email_88,ai_phish,84,6,14.0,12.983641975308643,0.7738095238095238
email_880,ai_phish,54,6,9.0,7.360549019607841,0.6666666666666666
email_881,ai_phish,51,7,7.285714285714286,8.917500000000004,0.6274509803921569
email_882,ai_phish,67,7,9.571428571428571,6.901290322580646,0.6417910447761194
email_883,ai_phish,47,6,7.833333333333333,16.537454545454548,0.7659574468085106
email_884,ai_phish,56,7,8.0,7.224811320754718,0.7857142857142857
email_885,ai_phish,52,6,8.666666666666666,8.70138775510204,0.75
email_886,ai_phish,54,6,9.0,8.054666666666666,0.7222222222222222
email_887,ai_phish,50,6,8.333333333333334,11.676000000000002,0.72
email_888,ai_phish,52,7,7.428571428571429,9.99091836734694,0.75
email_889,ai_phish,53,7,7.571428571428571,11.130000000000003,0.8301886792452831
email_89,ai_phish,84,6,14.0,15.385506329113927,0.7142857142857143
email_890,ai_phish,49,6,8.166666666666666,10.571913043478265,0.7551020408163265
email_891,ai_phish,59,6,9.833333333333334,7.952999999999999,0.6779661016949152
email_892,ai_phish,55,6,9.166666666666666,10.70446153846154,0.7818181818181819
email_893,ai_phish,55,6,9.166666666666666,7.527538461538462,0.6909090909090909
email_894,ai_phish,54,6,9.0,9.90564705882353,0.7407407407407407
email_895,ai_phish,55,6,9.166666666666666,14.335230769230773,0.6727272727272727
email_896,ai_phish,50,6,8.333333333333334,10.671744680851067,0.84
email_897,ai_phish,63,6,10.5,7.773333333333333,0.6984126984126984
email_898,ai_phish,55,6,9.166666666666666,7.527538461538462,0.6909090909090909
email_899,ai_phish,53,6,8.833333333333334,10.022000000000002,0.7358490566037735
email_9,ai_phish,145,9,16.11111111111111,15.729590409590411,0.6068965517241379
email_90,ai_phish,79,6,13.166666666666666,10.931578947368426,0.7721518987341772
email_900,ai_phish,223,11,20.272727272727273,16.44276063386155,0.5650224215246636
email_901,ai_phish,231,10,23.1,18.280737991266374,0.5454545454545454
email_902,ai_phish,269,11,24.454545454545453,16.072301136363638,0.4758364312267658
email_903,ai_phish,86,9,9.555555555555555,7.188333333333333,0.6976744186046512
email_904,ai_phish,73,9,8.11111111111111,8.97829225352113,0.821917808219178
email_905,ai_phish,53,6,8.833333333333334,8.134000000000004,0.7735849056603774
email_906,ai_phish,55,7,7.857142857142857,8.666923076923077,0.7454545454545455
email_907,ai_phish,54,6,9.0,8.51741176470588,0.7777777777777778
email_908,ai_phish,58,6,9.666666666666666,7.794545454545453,0.7413793103448276
email_909,ai_phish,52,6,8.666666666666666,11.109551020408162,0.75
email_91,ai_phish,84,6,14.0,12.10956790123457,0.7142857142857143
email_910,ai_phish,55,6,9.166666666666666,10.931384615384616,0.7818181818181819
email_911,ai_phish,53,6,8.833333333333334,9.078,0.7169811320754716
email_912,ai_phish,58,7,8.285714285714286,10.297727272727272,0.7758620689655172
email_913,ai_phish,59,6,9.833333333333334,5.2137142857142855,0.6949152542372882
email_914,ai_phish,65,6,10.833333333333334,10.752451612903226,0.676923076923077
email_915,ai_phish,57,6,9.5,7.196074074074076,0.7017543859649122
email_916,ai_phish,60,6,10.0,8.10863157894737,0.8
email_917,ai_phish,55,6,9.166666666666666,9.342923076923078,0.7636363636363637
email_918,ai_phish,63,6,10.5,12.100000000000001,0.8095238095238095
email_919,ai_phish,60,6,10.0,8.729684210526319,0.8166666666666667
email_92,ai_phish,81,6,13.5,13.080000000000002,0.7283950617283951
email_920,ai_phish,64,6,10.666666666666666,11.220459016393445,0.765625
email_921,ai_phish,58,6,9.666666666666666,9.725454545454546,0.7586206896551724
email_922,ai_phish,63,6,10.5,12.493333333333336,0.6825396825396826
email_923,ai_phish,66,6,11.0,10.676380952380956,0.7878787878787878
email_924,ai_phish,62,7,8.857142857142858,11.045000000000002,0.7741935483870968
email_925,ai_phish,75,6,12.5,5.759333333333334,0.64
email_926,ai_phish,64,6,10.666666666666666,9.543333333333337,0.765625
email_927,ai_phish,73,6,12.166666666666666,9.255714285714287,0.726027397260274
email_928,ai_phish,75,6,12.5,10.348222222222223,0.6933333333333334
email_93,ai_phish,81,6,13.5,12.021025641025645,0.7407407407407407
email_94,ai_phish,78,6,13.0,14.458333333333336,0.7307692307692307
email_95,ai_phish,91,6,15.166666666666666,11.852727272727272,0.7582417582417582
email_96,ai_phish,94,7,13.428571428571429,13.46901098901099,0.6914893617021277
email_97,ai_phish,77,6,12.833333333333334,13.617297297297302,0.7532467532467533
email_98,ai_phish,84,6,14.0,13.566358024691361,0.75
email_99,ai_phish,84,6,14.0,15.168827160493827,0.7023809523809523
